{"cameraMode":{"drawMode":0,"name":"Shaded","section":"Shading Mode"},"sceneLighting":true,"audioPlay":false,"sceneViewState":{"showFog":true,"showMaterialUpdate":false,"showSkybox":true,"showFlares":true,"showImageEffects":true,"showParticleSystems":true},"in2DMode":false,"pivot":{"x":0.5739338397979736,"y":1.7709877490997315,"z":-0.2436203956604004},"rotation":{"x":-0.0809444859623909,"y":0.6470630764961243,"z":-0.06937671452760697,"w":-0.7549465298652649},"size":2.8962764739990236,"orthographic":false}