{"cameraMode":{"drawMode":0,"name":"Shaded","section":"Shading Mode"},"sceneLighting":true,"audioPlay":false,"sceneViewState":{"showFog":true,"showMaterialUpdate":false,"showSkybox":true,"showFlares":true,"showImageEffects":true,"showParticleSystems":true},"in2DMode":false,"pivot":{"x":1.433899998664856,"y":-0.03751039505004883,"z":1.8109915256500245},"rotation":{"x":-0.22749769687652589,"y":-0.1202884241938591,"z":0.028332537040114404,"w":-0.9659063816070557},"size":4.45547342300415,"orthographic":false}