{"cameraMode":{"drawMode":0,"name":"Shaded","section":"Shading Mode"},"sceneLighting":false,"audioPlay":false,"sceneViewState":{"showFog":true,"showMaterialUpdate":false,"showSkybox":true,"showFlares":true,"showImageEffects":true,"showParticleSystems":true},"in2DMode":false,"pivot":{"x":0.3065171241760254,"y":0.7504277229309082,"z":-0.37599998712539675},"rotation":{"x":0.06344661116600037,"y":0.7029992938041687,"z":0.06322093307971955,"w":-0.7055279612541199},"size":0.2554735541343689,"orthographic":false}