{"cameraMode":{"drawMode":0,"name":"Shaded","section":"Shading Mode"},"sceneLighting":false,"audioPlay":false,"sceneViewState":{"showFog":true,"showMaterialUpdate":false,"showSkybox":true,"showFlares":true,"showImageEffects":true,"showParticleSystems":true},"in2DMode":false,"pivot":{"x":0.7253239750862122,"y":1.0387119054794312,"z":-0.8198448419570923},"rotation":{"x":-0.356638103723526,"y":0.6236515641212463,"z":-0.3830597400665283,"w":-0.5806317925453186},"size":0.2554734945297241,"orthographic":false}