{"cameraMode":{"drawMode":0,"name":"Shaded","section":"Shading Mode"},"sceneLighting":false,"audioPlay":false,"sceneViewState":{"showFog":true,"showMaterialUpdate":false,"showSkybox":true,"showFlares":true,"showImageEffects":true,"showParticleSystems":true},"in2DMode":false,"pivot":{"x":0.4300000071525574,"y":0.9079999923706055,"z":-0.14399999380111695},"rotation":{"x":-0.09198479354381561,"y":0.7029601335525513,"z":-0.09248229116201401,"w":-0.6991658806800842},"size":0.1400071084499359,"orthographic":false}