{"cameraMode":{"drawMode":0,"name":"Shaded","section":"Shading Mode"},"sceneLighting":false,"audioPlay":false,"sceneViewState":{"showFog":true,"showMaterialUpdate":false,"showSkybox":true,"showFlares":true,"showImageEffects":true,"showParticleSystems":true},"in2DMode":false,"pivot":{"x":200.43316650390626,"y":230.93731689453126,"z":9.910476684570313},"rotation":{"x":-0.08217412233352661,"y":0.49430370330810549,"z":-0.04700556769967079,"w":-0.8641190528869629},"size":433.25653076171877,"orthographic":false}