{"cameraMode":{"drawMode":0,"name":"Shaded","section":"Shading Mode"},"sceneLighting":false,"audioPlay":false,"sceneViewState":{"showFog":true,"showMaterialUpdate":false,"showSkybox":true,"showFlares":true,"showImageEffects":true,"showParticleSystems":true},"in2DMode":false,"pivot":{"x":0.1659228801727295,"y":-0.10500526428222656,"z":-0.5707641839981079},"rotation":{"x":-0.13666845858097077,"y":0.38338592648506167,"z":-0.05747600644826889,"w":-0.9116103649139404},"size":0.46698206663131716,"orthographic":false}