{"cameraMode":{"drawMode":0,"name":"Shaded","section":"Shading Mode"},"sceneLighting":false,"audioPlay":false,"sceneViewState":{"showFog":true,"showMaterialUpdate":false,"showSkybox":true,"showFlares":true,"showImageEffects":true,"showParticleSystems":true},"in2DMode":false,"pivot":{"x":0.477643758058548,"y":0.9399999976158142,"z":-0.27300000190734866},"rotation":{"x":-0.07104295492172241,"y":0.657995879650116,"z":-0.06257268041372299,"w":-0.7470468282699585},"size":0.121249720454216,"orthographic":false}